id,Group,Name,Rows,Cols,Nonzeros,Sparsity,Original_Name,Match_Type
843,Cunningham,m3plates,11107,11107,6639,0.000054,m3plates,exact
2435,AG-Monien,bfly,49152,49152,196608,0.000081,bfly,exact
2567,CPM,cz40948,40948,40948,412148,0.000246,cz40948,exact
2771,Mycielski,mycielskian15,24575,24575,11111110,0.018398,mycielskian15,exact
2465,DIMACS10,delaunay_n10,1024,1024,6112,0.005829,delaunay_n10,exact
454,Grund,bayer03,6747,6747,29195,0.000641,bayer03,exact
1596,QCD,conf6_0-4x4-20,3072,3072,119808,0.012695,conf6_0-4x4-20,exact
590,Hollinger,mark3jac120,54929,54929,322483,0.000107,mark3jac120,exact
752,Mulvey,finan512,74752,74752,596992,0.000107,finan512,exact
1254,GHS_psdef,bmwcra_1,148770,148770,10641602,0.000481,bmwcra_1,exact
2773,Mycielski,mycielskian17,98303,98303,100245742,0.010374,mycielskian17,exact
75,HB,bcsstm25,15439,15439,15439,0.000065,bcsstm25,exact
345,Boeing,bcsstm35,30237,30237,20619,0.000023,bcsstm35,exact
347,Boeing,bcsstm37,25503,25503,15525,0.000024,bcsstm37,exact
2414,AG-Monien,crack,10240,10240,60760,0.000579,crack,exact
2343,Rommes,mimo46x46_system,13250,13250,48735,0.000278,mimo46x46_system,exact
2520,DIMACS10,cs4,22499,22499,87716,0.000173,cs4,exact
833,Wang,wang4,26068,26068,177196,0.000261,wang4,exact
868,Pothen,bodyy4,17546,17546,121550,0.000395,bodyy4,exact
2279,Grund,poli4,33833,33833,73249,0.000064,poli4,exact
577,Hollinger,jan99jac100sc,34454,34454,190224,0.000160,jan99jac100sc,exact
349,Boeing,bcsstm39,46772,46772,46772,0.000021,bcsstm39,exact
2393,Newman,cond-mat,16726,16726,95188,0.000340,cond-mat,exact
2582,DIMACS10,ak2010,45292,45292,217098,0.000106,ak2010,exact
2345,Rommes,bauru5727,40366,40366,145019,0.000089,bauru5727,exact
1376,Rajat,rajat27,20640,20640,97353,0.000229,rajat27,exact
431,FIDAP,ex35,19716,19716,227872,0.000586,ex35,exact
2346,Rommes,zeros_nopss_13k,13296,13296,48827,0.000276,zeros_nopss_13k,exact
1566,Schenk_IBMNA,c-47,15343,15343,211401,0.000898,c-47,exact
40,HB,bcsstk18,11948,11948,149090,0.001044,bcsstk18,exact
1240,GHS_indef,mario001,38434,38434,204912,0.000139,mario001,exact
954,Schenk_IBMSDS,2D_27628_bjtcai,27628,27628,206670,0.000271,2D_27628_bjtcai,exact
455,Grund,bayer04,20545,20545,85537,0.000203,bayer04,exact
2870,ML_Graph,har_10NN,10299,10299,151736,0.001431,har_10NN,exact
1212,LiuWenzhuo,powersim,15838,15838,64424,0.000257,powersim,exact
1314,GHS_psdef,obstclae,40000,40000,197608,0.000124,obstclae,exact
2521,DIMACS10,cti,16840,16840,96464,0.000340,cti,exact
2405,Arenas,PGPgiantcompo,10680,10680,48632,0.000426,PGPgiantcompo,exact
1190,Rajat,rajat06,10922,10922,46983,0.000394,rajat06,exact
2214,QY,case9,14454,14454,147972,0.000708,case9_A_12,fuzzy
1426,GHS_indef,cvxqp3,17500,17500,114962,0.000375,cvxqp3,exact
1248,GHS_indef,stokes64s,12546,12546,140034,0.000890,stokes64s,exact
1204,Oberwolfach,t2dah_a,11445,11445,176117,0.001345,t2dah_a,exact
763,Nasa,shuttle_eddy,10429,10429,103599,0.000953,shuttle_eddy,exact
1427,GHS_indef,qpband,20000,20000,45000,0.000112,qpband,exact
1406,Bindel,ted_B,10605,10605,144579,0.001286,ted_B,exact
870,Pothen,bodyy6,19366,19366,134208,0.000358,bodyy6,exact
969,Schenk_ISEI,igbt3,10938,10938,130500,0.001091,igbt3,exact
2278,Grund,poli3,16955,16955,37849,0.000132,poli3,exact
764,Nasa,skirt,12598,12598,196520,0.001238,skirt,exact
2432,AG-Monien,stufe-10,24010,24010,92828,0.000161,stufe-10,exact
2878,ML_Graph,mnist_test_norm_10NN,10000,10000,145600,0.001456,mnist_test_norm_10NN,exact
573,Hollinger,jan99jac060sc,20614,20614,111903,0.000263,jan99jac060sc,exact
583,Hollinger,mark3jac040sc,18289,18289,106803,0.000319,mark3jac040sc,exact
2715,VDOL,lowThrust_11,18368,18368,223801,0.000663,lowThrust_11,exact
2875,ML_Graph,kmnist_norm_10NN,10000,10000,156932,0.001569,kmnist_norm_10NN,exact
1565,Schenk_IBMNA,c-46,14913,14913,130397,0.000586,c-46,exact
2231,TSOPF,TSOPF_FS_b9_c6,14454,14454,147972,0.000708,TSOPF_FS_b9_c6,exact
2314,SNAP,p2p-Gnutella25,22687,22687,54705,0.000106,p2p-Gnutella25,exact
1425,GHS_indef,bloweybq,10001,10001,49999,0.000500,bloweybq,exact
2339,Rommes,ww_vref_6405,13251,13251,48737,0.000278,ww_vref_6405,exact
2269,Puri,ABACUS_shell_ud,23412,23412,218484,0.000399,ABACUS_shell_ud_M,fuzzy
1234,GHS_indef,dtoc,24993,24993,69972,0.000112,dtoc,exact
1192,Rajat,rajat08,19362,19362,83443,0.000223,rajat08,exact
2348,Rommes,nopss_11k,11685,11685,44941,0.000329,nopss_11k,exact
575,Hollinger,jan99jac080sc,27534,27534,151063,0.000199,jan99jac080sc,exact
835,Zhao,Zhao2,33861,33861,166453,0.000145,Zhao2,exact
2711,VDOL,lowThrust_7,17378,17378,211561,0.000701,lowThrust_7,exact
2887,ML_Graph,usps_norm_5NN,11000,11000,81112,0.000670,usps_norm_5NN,exact
2356,Rommes,bips07_3078,21128,21128,75729,0.000170,bips07_3078,exact
461,Grund,bayer10,13436,13436,71594,0.000397,bayer10,exact
1216,GHS_indef,aug2dc,30200,30200,80000,0.000088,aug2dc,exact
1472,Pajek,FA,10617,10617,72176,0.000640,FA,exact
585,Hollinger,mark3jac060sc,27449,27449,160723,0.000213,mark3jac060sc,exact
2714,VDOL,lowThrust_10,18260,18260,222005,0.000666,lowThrust_10,exact
2868,ML_Graph,Fashion_MNIST_norm_10NN,10000,10000,158304,0.001583,Fashion_MNIST_norm_10NN,exact
288,Averous,epb1,14734,14734,95053,0.000438,epb1,exact
1473,Pajek,foldoc,13356,13356,120238,0.000674,foldoc,exact
1443,Oberwolfach,rail_20209,20209,20209,139233,0.000341,rail_20209,exact
1243,GHS_indef,ncvxqp9,16554,16554,54040,0.000197,ncvxqp9,exact
2469,DIMACS10,delaunay_n14,16384,16384,98244,0.000366,delaunay_n14,exact
2355,Rommes,bips07_2476,16861,16861,66498,0.000234,bips07_2476,exact
1862,Szczerba,Ill_Stokes,20896,20896,191368,0.000438,Ill_Stokes,exact
918,Hohn,fd15,11532,11532,44206,0.000332,fd15,exact
2342,Rommes,mimo28x28_system,13251,13251,48737,0.000278,mimo28x28_system,exact
1309,GHS_indef,spmsrtls,29995,29995,229947,0.000256,spmsrtls,exact
574,Hollinger,jan99jac080,27534,27534,151063,0.000199,jan99jac080,exact
2712,VDOL,lowThrust_8,17702,17702,216445,0.000691,lowThrust_8,exact
1217,GHS_indef,aug3d,24300,24300,69984,0.000119,aug3d,exact
2438,AG-Monien,ccc,49152,49152,147456,0.000061,ccc,exact
453,Grund,bayer02,13935,13935,63307,0.000326,bayer02,exact
586,Hollinger,mark3jac080,36609,36609,214643,0.000160,mark3jac080,exact
756,Nasa,barth5,15606,15606,61484,0.000252,barth5,exact
1250,GHS_indef,tuma2,12992,12992,49365,0.000292,tuma2,exact
1612,Bai,cryg10000,10000,10000,49699,0.000497,cryg10000,exact
2566,CPM,cz20468,20468,20468,206076,0.000492,cz20468,exact
2324,SNAP,Oregon-2,11806,11806,65460,0.000470,Oregon-2,exact
2354,Rommes,bips07_1998,15066,15066,62198,0.000274,bips07_1998,exact
2347,Rommes,descriptor_xingo6u,20738,20738,73916,0.000172,descriptor_xingo6u,exact
1298,GHS_indef,brainpc2,27607,27607,179395,0.000235,brainpc2,exact
1569,Schenk_IBMNA,c-50,22401,22401,180245,0.000359,c-50,exact
1570,Schenk_IBMNA,c-51,23196,23196,203048,0.000377,c-51,exact
2353,Rommes,bips07_1693,13275,13275,49044,0.000278,bips07_1693,exact
1568,Schenk_IBMNA,c-49,21132,21132,157040,0.000352,c-49,exact
1218,GHS_indef,aug3dcqp,35543,35543,128115,0.000101,aug3dcqp,exact
2349,Rommes,xingo3012,20944,20944,74386,0.000170,xingo3012,exact
2340,Rommes,xingo_afonso_itaipu,13250,13250,48735,0.000278,xingo_afonso_itaipu,exact
578,Hollinger,jan99jac120,41374,41374,229385,0.000134,jan99jac120,exact
2708,VDOL,lowThrust_4,13562,13562,160947,0.000875,lowThrust_4,exact
2470,DIMACS10,delaunay_n15,32768,32768,196548,0.000183,delaunay_n15,exact
579,Hollinger,jan99jac120sc,41374,41374,229385,0.000134,jan99jac120sc,exact
832,Wang,wang3,26064,26064,177168,0.000261,wang3,exact
1424,GHS_indef,bloweybl,30003,30003,109999,0.000122,bloweybl,exact
1409,Bindel,ted_B_unscaled,10605,10605,144579,0.001286,ted_B_unscaled,exact
2434,AG-Monien,shock-9,36476,36476,142580,0.000107,shock-9,exact
1295,GHS_indef,bloweya,30004,30004,150009,0.000167,bloweya,exact
2828,TAMU_SmartGridCenter,ACTIVSg10K,20000,20000,135888,0.000340,ACTIVSg10K,exact
284,ATandT,onetone2,36057,36057,222596,0.000171,onetone2,exact
2270,Puri,ABACUS_shell_ld,23412,23412,218484,0.000399,ABACUS_shell_ld,exact
1193,Rajat,rajat09,24482,24482,105573,0.000176,rajat09,exact
2341,Rommes,mimo8x8_system,13309,13309,48872,0.000276,mimo8x8_system,exact
1255,GHS_psdef,copter1,17222,17222,211064,0.000712,copter1,exact
1564,Schenk_IBMNA,c-45,13206,13206,174452,0.001000,c-45,exact
742,Mallya,lhr11,10964,10964,231806,0.001928,lhr11,exact
2527,DIMACS10,fe_sphere,16386,16386,98304,0.000366,fe_sphere,exact
1567,Schenk_IBMNA,c-48,18354,18354,166080,0.000493,c-48,exact
970,Schenk_ISEI,nmos3,18588,18588,237130,0.000686,nmos3,exact
543,Hamm,memplus,17758,17758,99147,0.000314,memplus,exact
1205,Oberwolfach,t2dah_e,11445,11445,176117,0.001345,t2dah_e,exact
2272,Puri,ABACUS_shell_hd,23412,23412,218484,0.000399,ABACUS_shell_hd,exact
911,vanHeukelum,cage10,11397,11397,150645,0.001160,cage10,exact
1272,GHS_psdef,pds10,16558,16558,149658,0.000546,pds10,exact
2344,Rommes,juba40k,40337,40337,144945,0.000089,juba40k,exact
571,Hollinger,jan99jac040sc,13694,13694,72734,0.000388,jan99jac040sc,exact
2889,ML_Graph,worms20_10NN,20055,20055,240826,0.000599,worms20_10NN,exact
2437,AG-Monien,cca,49152,49152,139264,0.000058,cca,exact
1194,Rajat,rajat10,30202,30202,130303,0.000143,rajat10,exact
1312,GHS_psdef,jnlbrng1,40000,40000,199200,0.000124,jnlbrng1,exact
2315,SNAP,p2p-Gnutella30,36682,36682,88328,0.000066,p2p-Gnutella30,exact
1371,Rajat,rajat22,39899,39899,195429,0.000123,rajat22,exact
2425,AG-Monien,whitaker3_dual,19190,19190,57162,0.000155,whitaker3_dual,exact
572,Hollinger,jan99jac060,20614,20614,111903,0.000263,jan99jac060,exact
550,Hollinger,g7jac040sc,11790,11790,107383,0.000773,g7jac040sc,exact
2298,SNAP,ca-HepPh,12008,12008,237010,0.001644,ca-HepPh,exact
1242,GHS_indef,ncvxqp1,12111,12111,73963,0.000504,ncvxqp1,exact
743,Mallya,lhr11c,10964,10964,233741,0.001944,lhr11c,exact
740,Mallya,lhr10,10672,10672,228395,0.002005,lhr10,exact
1247,GHS_indef,stokes64,12546,12546,140034,0.000890,stokes64,exact
532,Gset,G67,10000,10000,40000,0.000400,G67,exact
1245,GHS_indef,sit100,10262,10262,61046,0.000580,sit100,exact
1572,Schenk_IBMNA,c-53,30235,30235,355139,0.000388,c-53,exact
1319,Engwirda,airfoil_2d,14214,14214,259688,0.001285,airfoil_2d,exact
1339,VanVelzen,Zd_Jac3_db,22835,22835,713907,0.001369,Zd_Jac3_db,exact
409,FIDAP,ex11,16614,16614,1096948,0.003974,ex11,exact
930,FEMLAB,sme3Da,12504,12504,874887,0.005596,sme3Da,exact
1642,POLYFLOW,invextr1_new,30412,30412,1793881,0.001940,invextr1_new,exact
2815,Grueninger,windtunnel_evap3d,40816,40816,803978,0.000483,windtunnel_evap3d,exact
556,Hollinger,g7jac100,29610,29610,335972,0.000383,g7jac100,exact
1578,Schenk_IBMNA,c-65,48066,48066,360428,0.000156,c-65,exact
1602,QCD,conf6_0-8x8-20,49152,49152,1916928,0.000793,conf6_0-8x8-20,exact
1224,GHS_indef,c-63,44234,44234,434704,0.000222,c-63,exact
560,Hollinger,g7jac140,41490,41490,488633,0.000284,g7jac140,exact
351,Boeing,crystk02,13965,13965,968583,0.004967,crystk02,exact
342,Boeing,bcsstk37,25503,25503,1140977,0.001754,bcsstk37,exact
1333,VanVelzen,std1_Jac2_db,21982,21982,498771,0.001032,std1_Jac2_db,exact
949,Schenk_IBMNA,c-62,41731,41731,559341,0.000321,c-62,exact
39,HB,bcsstk17,10974,10974,428650,0.003559,bcsstk17,exact
842,Cunningham,k3plates,11107,11107,378927,0.003072,k3plates,exact
557,Hollinger,g7jac100sc,29610,29610,335972,0.000383,g7jac100sc,exact
1368,PARSEC,SiO,33401,33401,1317655,0.001181,SiO,exact
1202,Oberwolfach,gyro_k,17361,17361,1021159,0.003388,gyro_k,exact
2222,TSOPF,TSOPF_FS_b162_c3,30798,30798,1801300,0.001899,TSOPF_FS_b162_c3,exact
1601,QCD,conf5_4-8x8-20,49152,49152,1916928,0.000793,conf5_4-8x8-20,exact
749,Mallya,lhr34c,35152,35152,764014,0.000618,lhr34c,exact
1222,GHS_indef,c-59,41282,41282,480536,0.000282,c-59,exact
1869,Quaglino,viscoplastic2,32769,32769,381326,0.000355,viscoplastic2_C_1,fuzzy
1223,GHS_indef,c-62ghs,41731,41731,559339,0.000321,c-62ghs,exact
1391,Andrianov,net50,16320,16320,945200,0.003549,net50,exact
2234,TSOPF,TSOPF_RS_b162_c4,20374,20374,812749,0.001958,TSOPF_RS_b162_c4,exact
2644,DIMACS10,vsp_sctap1-2b_and_seymourl,40174,40174,281662,0.000175,vsp_sctap1-2b_and_seymourl,exact
554,Hollinger,g7jac080,23670,23670,259648,0.000463,g7jac080,exact
811,Simon,appu,14000,14000,1853104,0.009455,appu,exact
2295,SNAP,ca-AstroPh,18772,18772,396160,0.001124,ca-AstroPh,exact
846,Boeing,bcsstk39,46772,46772,2060662,0.000942,bcsstk39,exact
933,FEMLAB,waveguide3D,21036,21036,303468,0.000686,waveguide3D,exact
1340,VanVelzen,Zd_Jac3,22835,22835,1915726,0.003674,Zd_Jac3,exact
1304,GHS_indef,ncvxbqp1,50000,50000,349968,0.000140,ncvxbqp1,exact
1220,GHS_indef,c-55,32780,32780,403450,0.000375,c-55,exact
2242,TSOPF,TSOPF_RS_b39_c7,14098,14098,252446,0.001270,TSOPF_RS_b39_c7,exact
1436,Oberwolfach,inlet,11730,11730,328323,0.002386,inlet,exact
1873,Dehghani,light_in_tissue,29282,29282,406084,0.000474,light_in_tissue,exact
2641,DIMACS10,vsp_model1_crew1_cr42_south31,45101,45101,379952,0.000187,vsp_model1_crew1_cr42_south31,exact
558,Hollinger,g7jac120,35550,35550,412306,0.000326,g7jac120,exact
589,Hollinger,mark3jac100sc,45769,45769,268563,0.000128,mark3jac100sc,exact
562,Hollinger,g7jac160,47430,47430,564952,0.000251,g7jac160,exact
956,Schenk_IBMSDS,3D_28984_Tetra,28984,28984,285092,0.000339,3D_28984_Tetra,exact
899,Shen,e40r0100,17281,17281,553562,0.001854,e40r0100,exact
862,Kim,kim1,38415,38415,933195,0.000632,kim1,exact
1261,GHS_psdef,finance256,37376,37376,298496,0.000214,finance256,exact
745,Mallya,lhr14c,14270,14270,307858,0.001512,lhr14c,exact
1603,QCD,conf6_0-8x8-30,49152,49152,1916928,0.000793,conf6_0-8x8-30,exact
1413,IBM_EDA,ckt11752_dc_1,49702,49702,333029,0.000135,ckt11752_dc_1,exact
1335,VanVelzen,std1_Jac3_db,21982,21982,531826,0.001101,std1_Jac3_db,exact
2499,DIMACS10,rgg_n_2_15_s0,32768,32768,320480,0.000298,rgg_n_2_15_s0,exact
536,Gupta,gupta1,31802,31802,2164210,0.002140,gupta1,exact
2837,VLSI,mosfet2,46994,46994,1013062,0.000459,mosfet2,exact
588,Hollinger,mark3jac100,45769,45769,268563,0.000128,mark3jac100,exact
912,vanHeukelum,cage11,39082,39082,559722,0.000366,cage11,exact
283,ATandT,onetone1,36057,36057,335552,0.000258,onetone1,exact
1461,Pajek,EAT_RS,23219,23219,325592,0.000604,EAT_RS,exact
1308,GHS_indef,sparsine,50000,50000,1548988,0.000620,sparsine,exact
1336,VanVelzen,std1_Jac3,21982,21982,1455374,0.003012,std1_Jac3,exact
2811,Guettel,TEM27623,27623,27623,439469,0.000576,TEM27623_M,fuzzy
1334,VanVelzen,std1_Jac2,21982,21982,1248213,0.002583,std1_Jac2,exact
1600,QCD,conf5_4-8x8-15,49152,49152,1916928,0.000793,conf5_4-8x8-15,exact
1851,Botonakis,FEM_3D_thermal1,17880,17880,430740,0.001347,FEM_3D_thermal1,exact
2524,DIMACS10,fe_body,45087,45087,327468,0.000161,fe_body,exact
1221,GHS_indef,c-58,37595,37595,552551,0.000391,c-58,exact
1341,VanVelzen,Zd_Jac6_db,22835,22835,663643,0.001273,Zd_Jac6_db,exact
47,HB,bcsstk25,15439,15439,252241,0.001058,bcsstk25,exact
563,Hollinger,g7jac160sc,47430,47430,564952,0.000251,g7jac160sc,exact
1246,GHS_indef,stokes128,49666,49666,558594,0.000226,stokes128,exact
847,Chen,pkustk01,22044,22044,979380,0.002015,pkustk01,exact
1363,PARSEC,Si5H12,19896,19896,738598,0.001866,Si5H12,exact
1879,Mancktelow,viscorocks,37762,37762,1133641,0.000795,viscorocks,exact
748,Mallya,lhr34,35152,35152,746972,0.000605,lhr34,exact
2293,SNAP,cit-HepTh,27770,27770,352807,0.000457,cit-HepTh,exact
1428,Oberwolfach,chipcool0,20082,20082,281150,0.000697,chipcool0,exact
744,Mallya,lhr14,14270,14270,305750,0.001501,lhr14,exact
361,Boeing,msc10848,10848,10848,1229776,0.010450,msc10848,exact
1381,Andrianov,fxm4_6,18892,18892,497844,0.001395,fxm4_6,exact
1913,TKK,cyl6,13681,13681,714241,0.003816,cyl6,exact
415,FIDAP,ex19,12005,12005,259577,0.001801,ex19,exact
340,Boeing,bcsstk35,30237,30237,1450163,0.001586,bcsstk35,exact
2223,TSOPF,TSOPF_FS_b162_c4,40798,40798,2398220,0.001441,TSOPF_FS_b162_c4,exact
886,Pothen,tandem_vtx,18454,18454,253350,0.000744,tandem_vtx,exact
561,Hollinger,g7jac140sc,41490,41490,488633,0.000284,g7jac140sc,exact
848,Chen,pkustk02,10800,10800,810000,0.006944,pkustk02,exact
559,Hollinger,g7jac120sc,35550,35550,412306,0.000326,g7jac120sc,exact
2645,DIMACS10,vsp_south31_slptsk,39668,39668,379828,0.000241,vsp_south31_slptsk,exact
2233,TSOPF,TSOPF_RS_b162_c3,15374,15374,610299,0.002582,TSOPF_RS_b162_c3,exact
2823,Goodwin,Goodwin_054,32510,32510,1030878,0.000975,Goodwin_054,exact
291,Bai,af23560,23560,23560,460598,0.000830,af23560,exact
1462,Pajek,EAT_SR,23219,23219,325589,0.000604,EAT_SR,exact
2237,TSOPF,TSOPF_RS_b300_c1,14538,14538,1474325,0.006976,TSOPF_RS_b300_c1,exact
922,Hohn,sinc18,16428,16428,948696,0.003515,sinc18,exact
2213,JGD_Trefethen,Trefethen_20000,20000,20000,554466,0.001386,Trefethen_20000,exact
2821,Goodwin,Goodwin_030,10142,10142,312814,0.003041,Goodwin_030,exact
2221,TSOPF,TSOPF_FS_b162_c1,10798,10798,608540,0.005219,TSOPF_FS_b162_c1,exact
2555,Chevron,Chevron1,37365,37365,330633,0.000237,Chevron1,exact
352,Boeing,crystk03,24696,24696,1751178,0.002871,crystk03,exact
1287,GHS_psdef,vanbody,47072,47072,2329056,0.001051,vanbody,exact
2290,SNAP,email-Enron,36692,36692,367662,0.000273,email-Enron,exact
1588,Schenk_IBMNA,c-66b,49989,49989,444851,0.000178,c-66b,exact
921,Hohn,sinc15,11532,11532,551184,0.004145,sinc15,exact
2240,TSOPF,TSOPF_RS_b39_c19,38098,38098,684206,0.000471,TSOPF_RS_b39_c19,exact
762,Nasa,pwt,36519,36519,326107,0.000245,pwt,exact
801,Ronis,xenon1,48600,48600,1181120,0.000500,xenon1,exact
1429,Oberwolfach,chipcool1,20082,20082,281150,0.000697,chipcool1,exact
1316,Rajat,rajat15,37261,37261,443573,0.000319,rajat15,exact
1310,GHS_psdef,cvxbqp1,50000,50000,349968,0.000140,cvxbqp1,exact
1288,GHS_psdef,wathen100,30401,30401,471601,0.000510,wathen100,exact
747,Mallya,lhr17c,17576,17576,381975,0.001237,lhr17c,exact
2229,TSOPF,TSOPF_FS_b39_c7,28216,28216,730080,0.000917,TSOPF_FS_b39_c7,exact
54,HB,bcsstk32,44609,44609,2014701,0.001012,bcsstk32,exact
1237,GHS_indef,helm3d01,32226,32226,428444,0.000413,helm3d01,exact
1915,TKK,tube2,21498,21498,897056,0.001941,tube2,exact
2235,TSOPF,TSOPF_RS_b2052_c1,25626,25626,6761100,0.010296,TSOPF_RS_b2052_c1,exact
2280,Belcastro,human_gene1,22283,22283,24669643,0.049684,human_gene1,exact
2238,TSOPF,TSOPF_RS_b300_c2,28338,28338,2943887,0.003666,TSOPF_RS_b300_c2,exact
932,FEMLAB,sme3Dc,42930,42930,3148656,0.001708,sme3Dc,exact
2244,TSOPF,TSOPF_RS_b678_c2,35696,35696,8781949,0.006892,TSOPF_RS_b678_c2,exact
938,ND,nd12k,36000,36000,14220946,0.010973,nd12k,exact
1393,Andrianov,pattern1,19242,19242,9323432,0.025181,pattern1,exact
1274,GHS_psdef,ramage02,16830,16830,2866352,0.010120,ramage02,exact
854,Chen,pkustk08,22209,22209,3226671,0.006542,pkustk08,exact
2243,TSOPF,TSOPF_RS_b678_c1,18696,18696,4396289,0.012577,TSOPF_RS_b678_c1,exact
2236,TSOPF,TSOPF_RS_b2383_c1,38120,38120,16171169,0.011128,TSOPF_RS_b2383_c1,exact
272,HB,west2021,2021,2021,7310,0.001790,west2021,exact
1939,JGD_BIBD,bibd_81_2,3240,3240,3240,0.000309,bibd_81_2,exact
180,HB,jagmesh5,1180,1180,7750,0.005566,jagmesh5,exact
1087,Sandia,fpga_dcop_33,1220,1220,5892,0.003959,fpga_dcop_33,exact
1068,Sandia,fpga_dcop_14,1220,1220,5892,0.003959,fpga_dcop_14,exact
1078,Sandia,fpga_dcop_24,1220,1220,5892,0.003959,fpga_dcop_24,exact
1070,Sandia,fpga_dcop_16,1220,1220,5892,0.003959,fpga_dcop_16,exact
1065,Sandia,fpga_dcop_11,1220,1220,5892,0.003959,fpga_dcop_11,exact
1637,Bai,tols1090,1090,1090,3546,0.002985,tols1090,exact
1060,Sandia,fpga_dcop_06,1220,1220,5860,0.003937,fpga_dcop_06,exact
1071,Sandia,fpga_dcop_17,1220,1220,5892,0.003959,fpga_dcop_17,exact
1069,Sandia,fpga_dcop_15,1220,1220,5892,0.003959,fpga_dcop_15,exact
893,Norris,lung1,1650,1650,7419,0.002725,lung1,exact
450,Grund,b2_ss,1089,1089,3895,0.003284,b2_ss,exact
1079,Sandia,fpga_dcop_25,1220,1220,5892,0.003959,fpga_dcop_25,exact
1067,Sandia,fpga_dcop_13,1220,1220,5892,0.003959,fpga_dcop_13,exact
2431,AG-Monien,stufe,1036,1036,3736,0.003481,stufe,exact
179,HB,jagmesh4,1440,1440,9504,0.004583,jagmesh4,exact
1064,Sandia,fpga_dcop_10,1220,1220,5884,0.003953,fpga_dcop_10,exact
184,HB,jagmesh9,1349,1349,9101,0.005001,jagmesh9,exact
1100,Sandia,fpga_dcop_46,1220,1220,5892,0.003959,fpga_dcop_46,exact
208,HB,mahindas,1258,1258,7682,0.004854,mahindas,exact
18,HB,bcspwr06,1454,1454,5300,0.002507,bcspwr06,exact
2366,Rommes,S20PI_n1,1028,1028,2547,0.002410,S20PI_n1,exact
2368,Rommes,S80PI_n1,4028,4028,9927,0.000612,S80PI_n1,exact
21,HB,bcspwr09,1723,1723,6511,0.002193,bcspwr09,exact
2428,AG-Monien,diag,2559,2559,8184,0.001250,diag,exact
282,HB,zenios,2873,2873,1314,0.000159,zenios,exact
299,Bai,bwm2000,2000,2000,7996,0.001999,bwm2000,exact
1074,Sandia,fpga_dcop_20,1220,1220,5892,0.003959,fpga_dcop_20,exact
1095,Sandia,fpga_dcop_41,1220,1220,5892,0.003959,fpga_dcop_41,exact
1511,Barabasi,NotreDame_yeast,2114,2114,4480,0.001002,NotreDame_yeast,exact
1105,Sandia,fpga_dcop_51,1220,1220,5892,0.003959,fpga_dcop_51,exact
467,Grund,poli,4008,4008,8188,0.000510,poli,exact
230,HB,plsk1919,1919,1919,9662,0.002624,plsk1919,exact
1090,Sandia,fpga_dcop_36,1220,1220,5892,0.003959,fpga_dcop_36,exact
183,HB,jagmesh8,1141,1141,7465,0.005734,jagmesh8,exact
1098,Sandia,fpga_dcop_44,1220,1220,5892,0.003959,fpga_dcop_44,exact
1207,Oberwolfach,t2dal_e,4257,4257,4257,0.000235,t2dal_e,exact
496,Gset,G34,2000,2000,8000,0.002000,G34,exact
451,Grund,b_dyn,1089,1089,4144,0.003494,b_dyn,exact
1188,Rajat,rajat04,1041,1041,8725,0.008051,rajat04,exact
1638,Bai,tols2000,2000,2000,5184,0.001296,tols2000,exact
1077,Sandia,fpga_dcop_23,1220,1220,5892,0.003959,fpga_dcop_23,exact
1089,Sandia,fpga_dcop_35,1220,1220,5892,0.003959,fpga_dcop_35,exact
1085,Sandia,fpga_dcop_31,1220,1220,5892,0.003959,fpga_dcop_31,exact
160,HB,gre_1107,1107,1107,5664,0.004622,gre_1107,exact
1059,Sandia,fpga_dcop_05,1220,1220,5852,0.003932,fpga_dcop_05,exact
1075,Sandia,fpga_dcop_21,1220,1220,5892,0.003959,fpga_dcop_21,exact
1626,Bai,qh1484,1484,1484,6110,0.002774,qh1484,exact
2367,Rommes,S40PI_n1,2028,2028,5007,0.001217,S40PI_n1,exact
1062,Sandia,fpga_dcop_08,1220,1220,5888,0.003956,fpga_dcop_08,exact
1092,Sandia,fpga_dcop_38,1220,1220,5892,0.003959,fpga_dcop_38,exact
1102,Sandia,fpga_dcop_48,1220,1220,5892,0.003959,fpga_dcop_48,exact
1442,Oberwolfach,rail_1357,1357,1357,8985,0.004879,rail_1357,exact
338,Bai,tub1000,1000,1000,3996,0.003996,tub1000,exact
1088,Sandia,fpga_dcop_34,1220,1220,5892,0.003959,fpga_dcop_34,exact
1066,Sandia,fpga_dcop_12,1220,1220,5892,0.003959,fpga_dcop_12,exact
2371,Rommes,S40PI_n,2182,2182,5341,0.001122,S40PI_n,exact
1239,GHS_indef,laser,3002,3002,9000,0.000999,laser,exact
1058,Sandia,fpga_dcop_04,1220,1220,5884,0.003953,fpga_dcop_04,exact
1896,YZhou,circuit204,1020,1020,5883,0.005655,circuit204,exact
1106,Sandia,fpga_trans_01,1220,1220,7382,0.004960,fpga_trans_01,exact
1,HB,1138_bus,1138,1138,4054,0.003130,1138_bus,exact
1488,Pajek,GD96_a,1096,1096,1677,0.001396,GD96_a,exact
2360,Rommes,M80PI_n1,4028,4028,9927,0.000612,M80PI_n1,exact
1083,Sandia,fpga_dcop_29,1220,1220,5892,0.003959,fpga_dcop_29,exact
1483,Pajek,GD06_Java,1538,1538,8032,0.003396,GD06_Java,exact
1061,Sandia,fpga_dcop_07,1220,1220,5855,0.003934,fpga_dcop_07,exact
74,HB,bcsstm24,3562,3562,3562,0.000281,bcsstm24,exact
66,HB,bcsstm11,1473,1473,1473,0.000679,bcsstm11,exact
1084,Sandia,fpga_dcop_30,1220,1220,5892,0.003959,fpga_dcop_30,exact
19,HB,bcspwr07,1612,1612,5824,0.002241,bcspwr07,exact
1522,Pajek,SmaGri,1059,1059,4919,0.004386,SmaGri,exact
319,Bai,olm1000,1000,1000,3996,0.003996,olm1000,exact
214,HB,nnc1374,1374,1374,8588,0.004549,nnc1374,exact
195,HB,lshp1270,1270,1270,8668,0.005374,lshp1270,exact
1107,Sandia,fpga_trans_02,1220,1220,7382,0.004960,fpga_trans_02,exact
1790,Meszaros,iprob,3001,3001,9000,0.000999,iprob,exact
1081,Sandia,fpga_dcop_27,1220,1220,5892,0.003959,fpga_dcop_27,exact
64,HB,bcsstm09,1083,1083,1083,0.000923,bcsstm09,exact
1101,Sandia,fpga_dcop_47,1220,1220,5892,0.003959,fpga_dcop_47,exact
1086,Sandia,fpga_dcop_32,1220,1220,5892,0.003959,fpga_dcop_32,exact
182,HB,jagmesh7,1138,1138,7450,0.005753,jagmesh7,exact
494,Gset,G32,2000,2000,8000,0.002000,G32,exact
1057,Sandia,fpga_dcop_03,1220,1220,5892,0.003959,fpga_dcop_03,exact
1640,Bai,tols4000,4000,4000,8784,0.000549,tols4000,exact
1076,Sandia,fpga_dcop_22,1220,1220,5892,0.003959,fpga_dcop_22,exact
63,HB,bcsstm08,1074,1074,1074,0.000931,bcsstm08,exact
1628,Bai,rdb1250,1250,1250,7300,0.004672,rdb1250,exact
508,Gset,G45,1000,1000,19980,0.019980,G45,exact
140,HB,eris1176,1176,1176,18552,0.013415,eris1176,exact
417,FIDAP,ex20,2203,2203,67830,0.013976,ex20,exact
197,HB,lshp1882,1882,1882,12904,0.003643,lshp1882,exact
483,Gset,G22,2000,2000,39980,0.009995,G22,exact
34,HB,bcsstk12,1473,1473,34241,0.015781,bcsstk12,exact
568,Hollinger,jan99jac020,6774,6774,33744,0.000735,jan99jac020,exact
31,HB,bcsstk09,1083,1083,18437,0.015719,bcsstk09,exact
519,Gset,G55,5000,5000,24996,0.001000,G55,exact
421,FIDAP,ex24,2283,2283,47901,0.009190,ex24,exact
22,HB,bcspwr10,5300,5300,21842,0.000778,bcspwr10,exact
309,Bai,dw1024,2048,2048,10114,0.002411,dw1024,exact
490,Gset,G29,2000,2000,39980,0.009995,G29,exact
457,Grund,bayer06,3008,3008,20715,0.002289,bayer06,exact
189,HB,lns_3937,3937,3937,25407,0.001639,lns_3937,exact
386,DRIVCAV,cavity07,1182,1182,32702,0.023407,cavity07,exact
529,Gset,G64,7000,7000,82918,0.001692,G64,exact
331,Bai,rdb2048,2048,2048,12032,0.002869,rdb2048,exact
520,Gset,G56,5000,5000,24996,0.001000,G56,exact
518,Gset,G54,1000,1000,11832,0.011832,G54,exact
526,Gset,G61,7000,7000,34296,0.000700,G61,exact
540,Hamm,add32,4960,4960,19848,0.000807,add32,exact
43,HB,bcsstk21,3600,3600,26600,0.002052,bcsstk21,exact
390,DRIVCAV,cavity11,2597,2597,71601,0.010616,cavity11,exact
458,Grund,bayer07,3268,3268,20963,0.001963,bayer07,exact
196,HB,lshp1561,1561,1561,10681,0.004383,lshp1561,exact
840,Zitney,rdist2,3198,3198,56834,0.005557,rdist2,exact
512,Gset,G49,3000,3000,12000,0.001333,G49,exact
500,Gset,G38,2000,2000,23558,0.005889,G38,exact
531,Gset,G66,9000,9000,36000,0.000444,G66,exact
569,Hollinger,jan99jac020sc,6774,6774,33744,0.000735,jan99jac020sc,exact
36,HB,bcsstk14,1806,1806,63454,0.019455,bcsstk14,exact
384,DRIVCAV,cavity05,1182,1182,32632,0.023357,cavity05,exact
758,Nasa,nasa2146,2146,2146,72250,0.015688,nasa2146,exact
839,Zitney,rdist1,4134,4134,94408,0.005524,rdist1,exact
391,DRIVCAV,cavity12,2597,2597,76258,0.011307,cavity12,exact
49,HB,bcsstk27,1224,1224,56126,0.037463,bcsstk27,exact
198,HB,lshp2233,2233,2233,15337,0.003076,lshp2233,exact
30,HB,bcsstk08,1074,1074,12960,0.011236,bcsstk08,exact
377,Brunetiere,thermal,3456,3456,66528,0.005570,thermal,exact
434,FIDAP,ex4,1601,1601,31849,0.012425,ex4,exact
485,Gset,G24,2000,2000,39980,0.009995,G24,exact
412,FIDAP,ex14,3251,3251,65875,0.006233,ex14,exact
392,DRIVCAV,cavity13,2597,2597,71601,0.010616,cavity13,exact
829,Wang,swang2,3169,3169,20841,0.002075,swang2,exact
430,FIDAP,ex33,1733,1733,22189,0.007388,ex33,exact
241,HB,saylr4,3564,3564,22316,0.001757,saylr4,exact
506,Gset,G43,1000,1000,19980,0.019980,G43,exact
810,Shyy,shyy41,4720,4720,20042,0.000900,shyy41,exact
258,HB,watt_1,1856,1856,11360,0.003298,watt_1,exact
35,HB,bcsstk13,2003,2003,83883,0.020908,bcsstk13,exact
841,Zitney,rdist3a,2398,2398,61896,0.010764,rdist3a,exact
407,FIDAP,ex10,2410,2410,54840,0.009442,ex10,exact
112,HB,dwt_1242,1242,1242,10426,0.006759,dwt_1242,exact
387,DRIVCAV,cavity08,1182,1182,29675,0.021240,cavity08,exact
486,Gset,G25,2000,2000,39980,0.009995,G25,exact
92,HB,can_1072,1072,1072,12444,0.010829,can_1072,exact
444,Garon,garon1,3175,3175,84723,0.008405,garon1,exact
332,Bai,rdb5000,5000,5000,29600,0.001184,rdb5000,exact
336,Bai,rw5151,5151,5151,20199,0.000761,rw5151,exact
836,Zitney,extr1,2837,2837,10967,0.001363,extr1,exact
385,DRIVCAV,cavity06,1182,1182,29675,0.021240,cavity06,exact
864,Langemyr,comsol,1500,1500,97645,0.043398,comsol,exact
48,HB,bcsstk26,1922,1922,30336,0.008212,bcsstk26,exact
246,HB,sherman5,3312,3312,20793,0.001896,sherman5,exact
735,Mallya,lhr02,2954,2954,36875,0.004226,lhr02,exact
498,Gset,G36,2000,2000,23532,0.005883,G36,exact
521,Gset,G57,5000,5000,20000,0.000800,G57,exact
312,Bai,dw4096,8192,8192,41746,0.000622,dw4096,exact
487,Gset,G26,2000,2000,39980,0.009995,G26,exact
754,Nasa,barth,6691,6691,26439,0.000591,barth,exact
489,Gset,G28,2000,2000,39980,0.009995,G28,exact
360,Boeing,msc04515,4515,4515,97707,0.004793,msc04515,exact
45,HB,bcsstk23,3134,3134,45178,0.004600,bcsstk23,exact
423,FIDAP,ex26,2163,2163,74464,0.015916,ex26,exact
427,FIDAP,ex3,1821,1821,52685,0.015888,ex3,exact
156,HB,gemat11,4929,4929,33108,0.001363,gemat11,exact
755,Nasa,barth4,6019,6019,23492,0.000648,barth4,exact
823,TOKAMAK,utm1700b,1700,1700,21509,0.007443,utm1700b,exact
522,Gset,G58,5000,5000,59140,0.002366,G58,exact
425,FIDAP,ex28,2603,2603,77031,0.011369,ex28,exact
505,Gset,G42,2000,2000,23558,0.005889,G42,exact
527,Gset,G62,7000,7000,28000,0.000571,G62,exact
67,HB,bcsstm12,1473,1473,19659,0.009061,bcsstm12,exact
530,Gset,G65,8000,8000,32000,0.000500,G65,exact
259,HB,watt_2,1856,1856,11550,0.003353,watt_2,exact
438,FIDAP,ex7,1633,1633,46626,0.017485,ex7,exact
420,FIDAP,ex23,1409,1409,42760,0.021539,ex23,exact
501,Gset,G39,2000,2000,23556,0.005889,G39,exact
120,HB,dwt_2680,2680,2680,25026,0.003484,dwt_2680,exact
547,Hollinger,g7jac020,5850,5850,42568,0.001244,g7jac020,exact
492,Gset,G30,2000,2000,39980,0.009995,G30,exact
68,HB,bcsstm13,2003,2003,21181,0.005279,bcsstm13,exact
348,Boeing,bcsstm38,8032,8032,10485,0.000163,bcsstm38,exact
414,FIDAP,ex18,5773,5773,71701,0.002151,ex18,exact
228,HB,plat1919,1919,1919,32399,0.008798,plat1919,exact
426,FIDAP,ex29,2870,2870,23754,0.002884,ex29,exact
517,Gset,G53,1000,1000,11828,0.011828,G53,exact
509,Gset,G46,1000,1000,19980,0.019980,G46,exact
837,Zitney,hydr1,5308,5308,22680,0.000805,hydr1,exact
413,FIDAP,ex15,6867,6867,98671,0.002092,ex15,exact
227,HB,orsreg_1,2205,2205,14133,0.002907,orsreg_1,exact
432,FIDAP,ex36,3079,3079,53099,0.005601,ex36,exact
32,HB,bcsstk10,1086,1086,22070,0.018713,bcsstk10,exact
499,Gset,G37,2000,2000,23570,0.005893,G37,exact
838,Zitney,radfr1,1048,1048,13299,0.012109,radfr1,exact
510,Gset,G47,1000,1000,19980,0.019980,G47,exact
825,TOKAMAK,utm3060,3060,3060,42211,0.004508,utm3060,exact
375,Brethour,coater1,1348,1348,19457,0.010708,coater1,exact
828,Wang,swang1,3169,3169,20841,0.002075,swang1,exact
831,Wang,wang2,2903,2903,19093,0.002266,wang2,exact
493,Gset,G31,2000,2000,39980,0.009995,G31,exact
581,Hollinger,mark3jac020sc,9129,9129,52883,0.000635,mark3jac020sc,exact
456,Grund,bayer05,3268,3268,20712,0.001939,bayer05,exact
91,HB,can_1054,1054,1054,12196,0.010978,can_1054,exact
33,HB,bcsstk11,1473,1473,34241,0.015781,bcsstk11,exact
437,FIDAP,ex6,1651,1651,49062,0.017999,ex6,exact
826,TOKAMAK,utm5940,5940,5940,83842,0.002376,utm5940,exact
1592,QCD,conf5_0-4x4-14,3072,3072,119808,0.012695,conf5_0-4x4-14,exact
1597,QCD,conf6_0-4x4-30,3072,3072,119808,0.012695,conf6_0-4x4-30,exact
774,Nemeth,nemeth10,9506,9506,401448,0.004443,nemeth10,exact
769,Nemeth,nemeth05,9506,9506,394808,0.004369,nemeth05,exact
773,Nemeth,nemeth09,9506,9506,395506,0.004377,nemeth09,exact
1624,Bai,mhd4800a,4800,4800,102252,0.004438,mhd4800a,exact
1608,Cylshell,s1rmt3m1,5489,5489,217651,0.007224,s1rmt3m1,exact
399,DRIVCAV,cavity20,4562,4562,138040,0.006633,cavity20,exact
404,DRIVCAV,cavity25,4562,4562,131735,0.006330,cavity25,exact
2199,JGD_SPG,EX5,6545,6545,295680,0.006902,EX5,exact
1358,PARSEC,Na5,5832,5832,305630,0.008986,Na5,exact
37,HB,bcsstk15,3948,3948,117816,0.007559,bcsstk15,exact
792,Okunbor,aft02,8184,8184,127762,0.001908,aft02,exact
378,Cote,mplate,5962,5962,142190,0.004000,mplate,exact
767,Nemeth,nemeth03,9506,9506,394808,0.004369,nemeth03,exact
814,Simon,raefsky1,3242,3242,293409,0.027916,raefsky1,exact
353,Boeing,crystm01,4875,4875,105339,0.004432,crystm01,exact
775,Nemeth,nemeth11,9506,9506,408264,0.004518,nemeth11,exact
766,Nemeth,nemeth02,9506,9506,394808,0.004369,nemeth02,exact
1389,Andrianov,net25,9520,9520,401200,0.004427,net25,exact
2873,ML_Graph,JapaneseVowelsSmall_10NN,9961,9961,131144,0.001322,JapaneseVowelsSmall_10NN,exact
1594,QCD,conf5_0-4x4-22,3072,3072,119808,0.012695,conf5_0-4x4-22,exact
2768,Mycielski,mycielskian12,3071,3071,407200,0.043177,mycielskian12,exact
46,HB,bcsstk24,3562,3562,159910,0.012603,bcsstk24,exact
891,Norris,heart2,2339,2339,680341,0.124356,heart2,exact
448,Graham,graham1,9035,9035,335472,0.004110,graham1,exact
376,Brethour,coater2,9540,9540,207308,0.002278,coater2,exact
768,Nemeth,nemeth04,9506,9506,394808,0.004369,nemeth04,exact
1182,HB,man_5976,5976,5976,225046,0.006302,man_5976,exact
1605,Cylshell,s1rmq4m1,5489,5489,262411,0.008710,s1rmq4m1,exact
1055,Sandia,fpga_dcop_01,1220,1220,5892,0.003959,fp,partial
2878,ML_Graph,mnist_test_norm_10NN,10000,10000,145600,0.001456,mnist_test_norm_10NN,exact
2814,Grueninger,windtunnel_evap2d,8256,8256,109368,0.001605,windtunnel_evap2d,exact
397,DRIVCAV,cavity18,4562,4562,138040,0.006633,cavity18,exact
2232,TSOPF,TSOPF_RS_b162_c1,5374,5374,205399,0.007112,TSOPF_RS_b162_c1,exact
50,HB,bcsstk28,4410,4410,219024,0.011262,bcsstk28,exact
1365,PARSEC,SiH4,5041,5041,171903,0.006765,SiH4,exact
350,Boeing,crystk01,4875,4875,315891,0.013292,crystk01,exact
818,Simon,raefsky5,6316,6316,167178,0.004191,raefsky5,exact
1366,PARSEC,SiNa,5743,5743,198787,0.006027,SiNa,exact
2871,ML_Graph,indianpines_10NN,9144,9144,124656,0.001491,indianpines_10NN,exact
2767,Mycielski,mycielskian11,1535,1535,134710,0.057172,mycielskian11,exact
2540,IPSO,TSC_OPF_300,9774,9774,820783,0.008592,TSC_OPF_300,exact
435,FIDAP,ex40,7740,7740,456188,0.007615,ex40,exact
819,Simon,raefsky6,3402,3402,130371,0.011265,raefsky6,exact
1591,QCD,conf5_0-4x4-10,3072,3072,119808,0.012695,conf5_0-4x4-10,exact
771,Nemeth,nemeth07,9506,9506,394812,0.004369,nemeth07,exact
396,DRIVCAV,cavity17,4562,4562,131735,0.006330,cavity17,exact
1611,Cylshell,s3rmt3m3,5357,5357,207123,0.007217,s3rmt3m3,exact
343,Boeing,bcsstk38,8032,8032,355460,0.005510,bcsstk38,exact
446,Goodwin,goodwin,7320,7320,324772,0.006061,goodwin,exact
1609,Cylshell,s2rmt3m1,5489,5489,217681,0.007225,s2rmt3m1,exact
402,DRIVCAV,cavity23,4562,4562,131735,0.006330,cavity23,exact
400,DRIVCAV,cavity21,4562,4562,131735,0.006330,cavity21,exact
791,Okunbor,aft01,8205,8205,125567,0.001865,aft01,exact
235,HB,psmigr_1,3140,3140,543160,0.055089,psmigr_1,exact
770,Nemeth,nemeth06,9506,9506,394808,0.004369,nemeth06,exact
739,Mallya,lhr07c,7337,7337,156508,0.002907,lhr07c,exact
403,DRIVCAV,cavity24,4562,4562,138040,0.006633,cavity24,exact
1180,HB,lock3491,3491,3491,160444,0.013165,lock3491,exact
364,Boeing,nasa2910,2910,2910,174296,0.020583,nasa2910,exact
405,DRIVCAV,cavity26,4562,4562,138040,0.006633,cavity26,exact
2288,SNAP,wiki-Vote,8297,8297,103689,0.001506,wiki-Vote,exact
983,Sanghavi,ecl32,51993,51993,380415,0.000141,ecl32,exact
1531,Pajek,Wordnet3,82670,82670,132964,0.000019,Wordnet3,exact
1459,Pajek,dictionary28,52652,52652,178076,0.000064,dictionary28,exact
2530,DIMACS10,t60k,60005,60005,178880,0.000050,t60k,exact
1877,Rost,RFdevice,74104,74104,365580,0.000067,RFdevice,exact
592,Hollinger,mark3jac140,64089,64089,376395,0.000092,mark3jac140,exact
2471,DIMACS10,delaunay_n16,65536,65536,393150,0.000092,delaunay_n16,exact
541,Hamm,bcircuit,68902,68902,375558,0.000079,bcircuit,exact
2588,DIMACS10,ct2010,67578,67578,336352,0.000074,ct2010,exact
809,Shyy,shyy161,76480,76480,329762,0.000056,shyy161,exact
2602,DIMACS10,me2010,69518,69518,335476,0.000069,me2010,exact
1375,Rajat,rajat26,51032,51032,247528,0.000095,rajat26,exact
2332,Gleich,usroads-48,126146,126146,323900,0.000020,usroads-48,exact
2444,LAW,enron,69244,69244,276143,0.000058,enron,exact
452,Grund,bayer01,57735,57735,275094,0.000083,bayer01,exact
593,Hollinger,mark3jac140sc,64089,64089,376395,0.000092,mark3jac140sc,exact
591,Hollinger,mark3jac120sc,54929,54929,322483,0.000107,mark3jac120sc,exact
2261,MaxPlanck,shallow_water1,81920,81920,327680,0.000049,shallow_water1,exact
2316,SNAP,p2p-Gnutella31,62586,62586,147892,0.000038,p2p-Gnutella31,exact
1228,GHS_indef,c-71,76638,76638,859520,0.000146,c-71,exact
750,Mallya,lhr71,70304,70304,1494006,0.000302,lhr71,exact
879,Pothen,onera_dual,85567,85567,419201,0.000057,onera_dual,exact
2284,SNAP,soc-Epinions1,75888,75888,508837,0.000088,soc-Epinions1,exact
1229,GHS_indef,c-72,84064,84064,707546,0.000100,c-72,exact
286,ATandT,twotone,120750,120750,1206265,0.000083,twotone,exact
753,Mulvey,pfinan512,74752,74752,596992,0.000107,pfinan512,exact
1415,Sandia,ASIC_100k,99340,99340,940621,0.000095,ASIC_100k,exact
973,Schenk_ISEI,para-4,153226,153226,2930882,0.000125,para-4,exact
976,Schenk_ISEI,para-7,155924,155924,2094873,0.000086,para-7,exact
1434,Oberwolfach,gas_sensor,66917,66917,1703365,0.000380,gas_sensor,exact
2635,DIMACS10,vsp_bump2_e18_aa01_model1_crew1,56438,56438,601602,0.000189,vsp_bump2_e18_aa01_model1_crew1,exact
2639,DIMACS10,vsp_finan512_scagr7-2c_rlfddd,139752,139752,1104040,0.000057,vsp_finan512_scagr7-2c_rlfddd,exact
1276,GHS_psdef,s3dkt3m2,90449,90449,3686223,0.000451,s3dkt3m2,exact
1244,GHS_indef,olesnik0,88263,88263,744216,0.000096,olesnik0,exact
1431,Oberwolfach,filter3D,106437,106437,2707179,0.000239,filter3D_E,fuzzy
1226,GHS_indef,c-69,67458,67458,623914,0.000137,c-69,exact
953,Schenk_IBMNA,c-73,169422,169422,1279274,0.000045,c-73,exact
2241,TSOPF,TSOPF_RS_b39_c30,60098,60098,1079986,0.000299,TSOPF_RS_b39_c30,exact
952,Schenk_IBMNA,c-67,57975,57975,530229,0.000158,c-67,exact
897,Norris,torso2,115967,115967,1033473,0.000077,torso2,exact
2501,DIMACS10,rgg_n_2_17_s0,131072,131072,1457506,0.000085,rgg_n_2_17_s0,exact
820,Simon,venkat01,62424,62424,1717792,0.000441,venkat01,exact
1412,AMD,G2_circuit,150102,150102,726674,0.000032,G2_circuit,exact
2427,AG-Monien,wave,156317,156317,2118662,0.000087,wave,exact
1900,CEMW,vfem,93476,93476,1434636,0.000164,vfem,exact
963,Schenk_ISEI,barrier2-12,115625,115625,2158759,0.000161,barrier2-12,exact
290,Averous,epb3,84617,84617,463625,0.000065,epb3,exact
565,Hollinger,g7jac180sc,53370,53370,641290,0.000225,g7jac180sc,exact
2500,DIMACS10,rgg_n_2_16_s0,65536,65536,684254,0.000159,rgg_n_2_16_s0,exact
2526,DIMACS10,fe_rotor,99617,99617,1324862,0.000134,fe_rotor,exact
961,Schenk_ISEI,barrier2-10,115625,115625,2158759,0.000161,barrier2-10,exact
1323,IBM_EDA,trans4,116835,116835,749800,0.000055,trans4,exact
1422,GHS_psdef,apache1,80800,80800,542184,0.000083,apache1,exact
1445,Oberwolfach,rail_79841,79841,79841,553921,0.000087,rail_79841,exact
1859,QLi,majorbasis,160000,160000,1750416,0.000068,majorbasis,exact
1301,GHS_indef,cont-300,180895,180895,988195,0.000030,cont-300,exact
962,Schenk_ISEI,barrier2-11,115625,115625,2158759,0.000161,barrier2-11,exact
968,Schenk_ISEI,barrier2-9,115625,115625,2158759,0.000161,barrier2-9,exact
1587,Schenk_IBMNA,c-64b,51035,51035,707601,0.000272,c-64b,exact
1305,GHS_indef,ncvxqp3,75000,75000,499964,0.000089,ncvxqp3,exact
807,Rothberg,struct3,53570,53570,1173694,0.000409,struct3,exact
1402,Schmid,thermal1,82654,82654,574458,0.000084,thermal1,exact
1278,DNVS,ship_003,121728,121728,3777036,0.000255,ship_003,exact
2609,DIMACS10,nd2010,133769,133769,625946,0.000035,nd2010,exact
1233,GHS_indef,dawson5,51537,51537,1010777,0.000381,dawson5,exact
2622,DIMACS10,sd2010,88360,88360,410722,0.000053,sd2010,exact
2901,FlowIPM22,uni_chimera_i2,100000,100000,797974,0.000080,uni_chimera_i2,exact
2257,Botonakis,thermomech_TC,102158,102158,711558,0.000068,thermomech_TC,exact
2574,DIMACS10,G_n_pin_pout,100000,100000,1002396,0.000100,G_n_pin_pout,exact
2834,VLSI,nv1,75468,75468,1635003,0.000287,nv1,exact
2612,DIMACS10,nj2010,169588,169588,829912,0.000029,nj2010,exact
2227,TSOPF,TSOPF_FS_b39_c19,76216,76216,1977600,0.000340,TSOPF_FS_b39_c19,exact
804,Rothberg,cfd1,70656,70656,1825580,0.000366,cfd1,exact
1858,QLi,crashbasis,160000,160000,1750416,0.000068,crashbasis,exact
2614,DIMACS10,nv2010,84538,84538,416998,0.000058,nv2010,exact
1390,Andrianov,net4-1,88343,88343,2441727,0.000313,net4-1,exact
2607,DIMACS10,mt2010,132288,132288,638668,0.000036,mt2010,exact
885,Pothen,tandem_dual,94069,94069,460493,0.000052,tandem_dual,exact
1372,Rajat,rajat23,110355,110355,555441,0.000046,rajat23,exact
1296,GHS_indef,boyd1,93279,93279,1211231,0.000139,boyd1,exact
2034,JGD_Homology,ch7-8-b5,141120,141120,846720,0.000043,ch7-8-b5,exact
566,Hollinger,g7jac200,59310,59310,717620,0.000204,g7jac200,exact
1919,Um,2cubes_sphere,101492,101492,1647264,0.000160,2cubes_sphere,exact
2286,SNAP,soc-Slashdot0811,77360,77360,905468,0.000151,soc-Slashdot0811,exact
965,Schenk_ISEI,barrier2-2,113076,113076,2129496,0.000167,barrier2-2,exact
950,Schenk_IBMNA,c-64,51035,51035,707985,0.000272,c-64,exact
567,Hollinger,g7jac200sc,59310,59310,717620,0.000204,g7jac200sc,exact
2456,DIMACS10,caidaRouterLevel,192244,192244,1218132,0.000033,caidaRouterLevel,exact
2528,DIMACS10,fe_tooth,78136,78136,905182,0.000148,fe_tooth,exact
2600,DIMACS10,ma2010,157508,157508,776610,0.000031,ma2010,exact
2610,DIMACS10,ne2010,193352,193352,913854,0.000024,ne2010,exact
1589,Schenk_IBMNA,c-67b,57975,57975,530583,0.000158,c-67b,exact
2556,Chevron,Chevron2,90249,90249,803173,0.000099,Chevron2,exact
1848,UTEP,Dubcova2,65025,65025,1030225,0.000244,Dubcova2,exact
2328,SNAP,soc-sign-Slashdot090221,82144,82144,549202,0.000081,soc-sign-Slashdot090221,exact
2640,DIMACS10,vsp_mod2_pgp2_slptsk,101364,101364,778736,0.000076,vsp_mod2_pgp2_slptsk,exact
2631,DIMACS10,wy2010,86204,86204,427586,0.000058,wy2010,exact
894,Norris,lung2,109460,109460,492564,0.000041,lung2,exact
2584,DIMACS10,ar2010,186211,186211,904310,0.000026,ar2010,exact
1230,GHS_indef,copter2,55476,55476,759952,0.000247,copter2,exact
1892,Castrillon,denormal,89400,89400,1156224,0.000145,denormal,exact
966,Schenk_ISEI,barrier2-3,113076,113076,2129496,0.000167,barrier2-3,exact
1875,HVDC,hvdc2,189860,189860,1339638,0.000037,hvdc2,exact
2606,DIMACS10,ms2010,171778,171778,839980,0.000028,ms2010,exact
924,Andrews,Andrews,60000,60000,760154,0.000211,Andrews,exact
967,Schenk_ISEI,barrier2-4,113076,113076,2129496,0.000167,barrier2-4,exact
821,Simon,venkat25,62424,62424,1717763,0.000441,venkat25,exact
1300,GHS_indef,cont-201,80595,80595,438795,0.000068,cont-201,exact
2637,DIMACS10,vsp_c-60_data_cti_cs4,85830,85830,482160,0.000065,vsp_c-60_data_cti_cs4,exact
2518,DIMACS10,598a,110971,110971,1483868,0.000120,598a,exact
356,Boeing,ct20stif,52329,52329,2600295,0.000950,ct20stif,exact
849,Chen,pkustk03,63336,63336,3130416,0.000780,pkustk03,exact
913,vanHeukelum,cage12,130228,130228,2032536,0.000120,cage12,exact
805,Rothberg,cfd2,123440,123440,3085406,0.000202,cfd2,exact
1263,GHS_psdef,ford2,100196,100196,544688,0.000054,ford2,exact
2575,DIMACS10,preferentialAttachment,100000,100000,999970,0.000100,preferentialAttachment,exact
2625,DIMACS10,ut2010,115406,115406,572066,0.000043,ut2010,exact
564,Hollinger,g7jac180,53370,53370,641290,0.000225,g7jac180,exact
964,Schenk_ISEI,barrier2-1,113076,113076,2129496,0.000167,barrier2-1,exact
1906,TKK,s4dkt3m2,90449,90449,3753461,0.000459,s4dkt3m2,exact
2646,DIMACS10,vsp_vibrobox_scagr7-2c_rlfddd,77328,77328,871172,0.000146,vsp_vibrobox_scagr7-2c_rlfddd,exact
751,Mallya,lhr71c,70304,70304,1528092,0.000309,lhr71c,exact
1852,Botonakis,FEM_3D_thermal2,147900,147900,3489300,0.000160,FEM_3D_thermal2,exact
2598,DIMACS10,ky2010,161672,161672,787778,0.000030,ky2010,exact
2816,PowerSystem,power197k,197156,197156,805839,0.000021,power197k,exact
1231,GHS_indef,d_pretok,182730,182730,1641672,0.000049,d_pretok,exact
957,Schenk_IBMSDS,3D_51448_3D,51448,51448,537038,0.000203,3D_51448_3D,exact
1357,PARSEC,H2O,67024,67024,2216736,0.000493,H2O,exact
2621,DIMACS10,sc2010,181908,181908,893160,0.000027,sc2010,exact
1352,PARSEC,Ga3As3H12,61349,61349,5970947,0.001586,Ga3As3H12,exact
1264,DNVS,fullb,199187,199187,11708077,0.000295,fullb,exact
806,Rothberg,gearbox,153746,153746,9080404,0.000384,gearbox,exact
1208,Oberwolfach,t3dh_a,79171,79171,4352105,0.000694,t3dh_a,exact
1861,Koutsovasilis,F2,71505,71505,5294285,0.001035,F2,exact
1351,PARSEC,Ga19As19H42,133123,133123,8884839,0.000501,Ga19As19H42,exact
2633,DIMACS10,vsp_bcsstk30_500sep_10in_1Kout,58348,58348,4033156,0.001185,vsp_bcsstk30_500sep_10in_1Kout,exact
857,Chen,pkustk11,87804,87804,5217912,0.000677,pkustk11,exact
1356,PARSEC,Ge99H100,112985,112985,8451395,0.000662,Ge99H100,exact
2812,Guettel,TEM152078,152078,152078,6459326,0.000279,TEM152078_M,fuzzy
856,Chen,pkustk10,80676,80676,4308984,0.000662,pkustk10,exact
1257,GHS_psdef,crankseg_1,52804,52804,10614210,0.003807,crankseg_1,exact
1385,Andrianov,mip1,66463,66463,10352819,0.002344,mip1,exact
1280,DNVS,shipsec5,179860,179860,4598604,0.000142,shipsec5,exact
971,Schenk_ISEI,ohne2,181343,181343,6869939,0.000209,ohne2,exact
1253,GHS_psdef,bmw7st_1,141347,141347,7318399,0.000366,bmw7st_1,exact
1361,PARSEC,Si34H36,97569,97569,5156379,0.000542,Si34H36,exact
1209,Oberwolfach,t3dh_e,79171,79171,4352105,0.000694,t3dh_e,exact
1258,GHS_psdef,crankseg_2,63838,63838,14148858,0.003472,crankseg_2,exact
859,Chen,pkustk13,94893,94893,6616827,0.000735,pkustk13,exact
2489,DIMACS10,kron_g500-logn16,65536,65536,4912469,0.001144,kron_g500-logn16,exact
537,Gupta,gupta2,62064,62064,4248286,0.001103,gupta2,exact
